ID_FOURNISSEUR,NOM_FOURNISSEUR,NOM_CONTACT_FOURNISSEUR,EMAIL_FOURNISSEUR,TELEPHONE_FOURNISSEUR,ADRESSE_FOURNISSEUR,ID_REGION
1,Pelletier S.A.S.,Nicolas Pires,andreanne76@example.net,04 19 74 62 43,"43, avenue de Garcia, 47514 Saint Mathieu",1
2,Marchand,Benjamin Laporte,gabrielpichon@example.com,01 77 05 37 05,"94, boulevard de Tessier, 57023 Saint Raymond",2
3,Guichard Gérard SARL,Pénélope Labbé de Marty,elise06@example.net,04 22 23 40 20,"6, rue de Reynaud, 65309 Sainte Étiennedan",3
4,Muller,Sébastien Verdier de Laporte,lucasverdier@example.org,01 88 72 83 33,"66, avenue Michel, 83631 Bouvier",4
5,Labbé,Françoise Michaud,michaudfrancoise@example.com,03 33 63 52 79,"72, rue Guérin, 43173 Roy",5
6,Hamel S.A.S.,Mathilde Ramos-Maillard,mathilde.ramos@example.com,05 62 47 19 85,"41, rue de Brunet, 29347 Leblanc",6
7,Gosselin,Jacques Delannoy,jacques.delannoy@example.org,02 19 86 33 40,"8, rue de Delattre, 31876 Sanchez",7
8,Fontaine Meyer S.A.S.,Anne-Bernadette Thibault,anne.thibault@example.net,03 91 55 08 27,"51, boulevard des Champs, 92753 Dupuis",8
9,Joubert,Pénélope Guérin,p.guerin@example.com,04 60 74 83 29,"12, rue Moreau, 76321 Girard",9
10,Turpin Barre et Fils,Michèle-Susan Marin,michele.marin@example.net,01 48 60 99 02,"23, avenue de Vidal, 59342 Paris",10
11,Muller S.A.R.L.,Suzanne de la Turpin,suzanne.turpin@example.org,03 77 14 88 61,"78, rue Blanche, 12540 Bernard",11
12,Caron,Susan Blanc,susan.blanc@example.com,05 18 72 43 90,"15, chemin Laurent, 34821 Faure",12
13,Thomas,Roland Monnier,roland.monnier@example.net,02 49 83 62 15,"102, avenue Picard, 84123 Martin",13
14,Lejeune S.A.S.,Isabelle Pinto,isabelle.pinto@example.com,04 32 91 05 48,"7, rue Colbert, 50987 Rousseau",14
15,Gros,Alexandria-Élise Masse,alex.masse@example.net,01 94 58 60 72,"9, avenue de la Paix, 11984 Lambert",15
16,Renard,Jean-Luc Bernard,jl.bernard@example.org,02 77 18 42 36,"21, rue Marceau, 44012 Dupont",16
17,Chevalier,Émilie Faivre,emilie.faivre@example.com,03 66 14 27 95,"34, avenue Victor Hugo, 69874 Morel",17
18,Moreau,Antoine Perret,antoine.perret@example.net,04 88 36 51 29,"56, boulevard Saint-Germain, 75005 Paris",18
19,Fournier,Claire Robert,claire.robert@example.org,01 42 75 90 33,"14, rue Nationale, 37000 Tours",1
20,Lefèvre,Paul Girard,paul.girard@example.com,02 99 12 47 68,"98, chemin Vert, 29200 Brest",2
21,Leroy,Camille Aubert,camille.aubert@example.net,03 84 26 19 55,"67, rue Lefebvre, 51230 Martin",3
22,Rousseau,Julien Perrot,julien.perrot@example.com,01 69 45 88 12,"8, avenue Fontaine, 92140 Clamart",4
23,Benoit,Hélène Masson,helene.masson@example.org,02 40 91 36 28,"19, rue du Moulin, 44100 Nantes",5
24,Perrin,Olivier Rey,olivier.rey@example.net,04 78 26 54 73,"102, boulevard des Alpes, 69000 Lyon",6
25,Dubois,Lucie Marchal,lucie.marchal@example.com,03 20 47 98 11,"4, chemin des Lilas, 59000 Lille",7
26,Garnier,Thierry Colin,thierry.colin@example.org,02 33 91 64 82,"54, chemin Girard, 64861 Colin",8
27,Faure,Nathalie Imbert,nathalie.imbert@example.net,01 48 77 29 60,"rue Jeannine Imbert, 40352 Saint Bernard",9
28,Picard,Laurent Vidal,laurent.vidal@example.com,04 67 38 90 44,"84, chemin de Vidal, 17184 Sainte Christinedan",10
29,Noël,Sophie Faure,sophie.faure@example.org,02 99 64 71 53,"boulevard de Faure, 65934 Saint Benoît",11
30,Durand,Pascal Perrot,pascal.perrot@example.net,01 56 33 18 92,"9, avenue Hortense Delahaye, 23907 Georges",12
31,Henry,Isabelle Verdier,isabelle.verdier@example.com,03 87 46 59 20,"rue Perrot, 02321 Verdier",13
32,Adam,Vincent Chauvet,vincent.chauvet@example.org,04 91 38 74 66,"29, avenue de Chauvet, 97489 Navarrodan",14
33,Schmitt,Claire Mahe,claire.mahe@example.net,02 41 63 27 81,"254, boulevard de Mahe, 66264 Sainte AlixBourg",15
34,Robin,Marc Petit,marc.petit@example.com,01 39 58 92 14,"12, rue de Petitjean, 40212 Delannoy",16
35,Marchal,Julie Gomes,julie.gomes@example.org,03 28 47 90 36,"64, rue de Gomes, 20844 Delattredan",17
36,Renaud,Alain Royer,alain.royer@example.net,04 73 62 18 59,"68, rue Matthieu Royer, 59914 Carpentierdan",18
37,Lambert,Caroline Pottier,caroline.pottier@example.com,02 51 47 83 26,"51, chemin Maurice Pottier, 35385 Henry",1
38,Meunier,Éric Boulay,eric.boulay@example.org,01 77 62 91 48,"7, rue Boulay, 57439 Legendre-sur-Sanchez",2
39,Blanc,Nadine Gilbert,nadine.gilbert@example.net,03 90 41 58 72,"564, avenue Gilbert, 46663 Guillet-sur-Garnier",3
40,Colin,François Berger,francois.berger@example.com,04 42 73 96 05,"4, chemin Berger, 18323 Potier",4
41,Lemoine,Valérie Baudry,valerie.baudry@example.org,02 98 51 64 39,"30, rue de Baudry, 41852 Dos Santosdan",5
42,Poirier,Damien Delattre,damien.delattre@example.net,01 64 38 27 51,"54, rue du Parc, 75012 Paris",6
43,Leclerc,Sandrine Petit,sandrine.petit@example.com,02 31 84 59 72,"12, avenue des Lilas, 14000 Caen",7
44,Barbier,Olivier Garnier,olivier.garnier@example.org,03 88 47 92 16,"98, rue de la Gare, 67000 Strasbourg",8
45,Royer,Christine Lefort,christine.lefort@example.net,04 90 36 71 28,"5, boulevard Voltaire, 84000 Avignon",9
46,Dupuy,Marc Sanchez,marc.sanchez@example.com,05 56 48 19 63,"27, chemin des Pins, 33000 Bordeaux",10
47,Masson,Élodie Legendre,elodie.legendre@example.org,02 43 91 55 84,"7, rue Boulay, 57439 Legendre-sur-Sanchez",11
48,Aubert,Philippe Guillet,philippe.guillet@example.net,01 78 64 29 90,"564, avenue Gilbert, 46663 Guillet-sur-Garnier",12
49,Bourgeois,Nathalie Potier,nathalie.potier@example.com,03 27 58 41 76,"4, chemin Berger, 18323 Potier",13
50,Rey,Laurent Dos Santos,laurent.dossantos@example.org,04 71 62 38 95,"30, rue de Baudry, 41852 Dos Santosdan",14
